HolderAddress,Balance,PendingBalanceUpdate
0x945295d8efe2b63ad5a9239ac5c1b4d28e90bb7c,"3,581.403426854250000000",No
0x567abe53b9ea582245e35f31195b11cb23cb0057,"3,387.900584301820000000",No
0xe2008ef79a7d0d75edae70263384d4ac5d1a9f9a,25,No
0xdf4b707ca2283c55603a7b89eb96bf7f7fbfcb1d,25,No
0x31b47c9b70f6ed771457b99ed92585938e2c43cf,25,No
0xec11ea6d580cfc98b122044cd71353f31088a0f1,25,No
0x3a8fa3367cbeabb9d4befec7c8d85f88a9347a4b,25,No
0x396d340385d6b048fb015bcadc363d86e8c0506c,25,No
0x23cb840946df9354421127f44fb56fb9348b4bb5,25,No
0x27d42899717010a236534dda3da2bec2704dde2b,25,No
0x466bed28bdf60959add2cfd50db05fbe12cad010,25,No
0x4b98cf1069dffefda6b957f125f7a797e9aa4b06,25,No
0x6ea7ac7ee00e5f90de01b44d444deaa0e3f460a8,25,No
0xf274c101710f106c2bcbb82d89f050b9930a665f,25,No
0xe81bbee3741ff986ecf1e12b2642b09387fe5c52,25,No
0x6b420c0705c310d1e868cc3b668661efc9263e7e,25,No
0xa919fe920a3af7e55daa863f785c765a0c1b90ac,25,No
0x4fd963c81214fd9c1ca68bbafce56f4c66ee0443,24.913596316701100000,No
0xa36662b4b5b5445c7090faf3a91a5c72919b2ac6,24.9,No
0x73caabbff36edab13a6b48914efd1a50a3200fc4,24.9,No
0x3c74df2bcc3ecea9ffc281edb90612377349b78f,24.9,No
0x3bd56d442ec9c0839baf087ab7c36645c95b0fdd,24.9,No
0xda34de190e4cee99507d518dad3c3f76fa01f029,24.9,No
0x6330520427e479caa3d7594bdc7faf34e76697d9,24.9,No
0x6cdc666ca20d8b09d4b92f0f6de77b650625fabe,24.9,No
0xdfbc88cc9b18a46c774dce13e42fb93810207538,24.9,No
0x8a017acba632d70aa41101ef6179a5da58cd408e,24.9,No
0x88c46c53d83a911b831f4869dd1fb3f497f94316,24.9,No
0x2799bef44321d053f3ff81fcbcd5863ae8ef3023,24.873056897318800000,No
0x5c538d3e8ea308a52563694ce265b46c86f869dd,24.868562150275900000,No
0x397b25001f0fc0f3dbabce5739fd69254b74568d,24.859996355442800000,No
0x0ef7a776e9cd45b69ef0aaeca589ada6d36d550b,24.751225600301400000,No
0x13f05783f0f6acb50e52c8c590ca658a6c43406a,24.751219620935600000,No
0x6514396f41c8538576dce72ad573761f3fe2e0f2,24.751213699631400000,No
0x4d7029ad0dc69d1ae72e36dfd6972768d92e7ef0,24.751207835547000000,No
0xbe7e9aaa5f4ec50fc3d0fc5d86c3fb6a41a43b9b,24.751202027857000000,No
0x579dfbec7396cfec677c110384f5248e21574622,24.751196275751900000,No
0x2b41bbf02096f0e706000f9585c8a0d2887b2bb1,24.751190578437400000,No
0xd12a32b60e056eaa0de863e6d742ef4349fa6c9d,24.751184935134300000,No
0xd5883d39305958b95bffe0b7bf0c3b94984d7647,24.751179345078300000,No
0x140140865045898b2705716bd1caf422dd10d932,24.751173807519200000,No
0x2ec74da8253c7ece67718ef5d8b78c7c33869440,24.70178074638360000,No
0xcf4e7b44a43902f54b18064d002b6c0b86e391a7,24.686549421856000000,No
0xf2ddddb94e93e59865975c71e78d9cf1bda152d9,24.618013956487100000,No
0x0520b79dd919cf364a609489e5e09e7dd50b1989,24.524926126118100000,No
0x1e930a30f462e9cdb2fb1a6a53b9f5307377a642,24.497082544849900000,No
0x921d130796f591a874c18c608cb788e6a2f97bf3,24.487500790178500000,No
0x1e8c000cca4d61c60255704ab827b03e8700129d,24.484885420587200000,No
0x8c0c8d676fdfd1717b16b61bd0037001ff100e78,24.483903626336600000,No
0x65d08d84d179919e06d11dac4f9922b404076e5f,24.392110590206100000,No
0x86946fd4762e29fb5740354ad023bc61ee07d7a1,24.373158805046100000,No
0xfa0f878e806b7cc713afa535a0bd6273afee12f1,24.363905720422900000,No
0x7bab0c36d454f2b9f63c7e3173db4f483638745b,24.35016607275560000,No
0x0c39a628d6325a838ac629750b9edcce2f4a57b5,24.323857933795600000,No
0xbd6b8d8fa94f7307840252548549b56a33c98054,24.300123938212000000,No
0xca1e2485e9951f45623658bd2d5a8af5b9c11596,24.232866048562200000,No
0xcee32df0cb1ae7a8770ea9f10aea96fab9031f05,24.203472750742700000,No
0x12f9a96965701dff0ad751a333646e9703c096f3,24.120350760594300000,No
0x7c567f75c4b444b7bdae7aaae747f954f93d4185,24.035469378064600000,No
0xba1ab2bed0872aeb83f3274cacebe1429f76ad5f,23.972640666202500000,No
0x78c437fd49cb9f9dcfa113cd4f561a8b7008a9f8,23.948065158076500000,No
0x4969464a915ff1e42785a14c37f6c754256357e9,23.928325987737100000,No
0x2db689636c182763c01b61d19a63d47b8927b0c6,23.879163284729500000,No
0x4d9e4c43ab331142aa4465205696f0017255c56b,23.768765741051800000,No
0x19e1d0295baded24d1369f0c9b43ebcbf8bfc3d9,23.602262929331500000,No
0xf53feaeb035361c046e5669745695e450ebb4028,23.441253645127200000,No
0x397fc2ee307dc713097f10800a962180e7d530d6,23.085950133079000000,No
0xa2087c31818bad0fa7d8e3504a24ddb79e235bdd,22.549331649110200000,No
0x87f3a20b3170032384a211771d2e91f375343fcd,22.496765118131800000,No
0xa98040f59d6db9a94c5ce78bce7d6d4637e81cd8,21.829138132165500000,No
0x631bc81de34c359da5f021946dd3d9e72f32880e,21.430548064265700000,No
0xd18ce6f2451f705a1a223c169f17ce9cca8ead3b,20.971921006303700000,No
0x26ef18ee90c6f12d044b8e1b2c91e0bf21b5e537,20.552153173491000000,No
0x2bfe66759f0331066f3e7d57b3dc9a96bfc17927,19.829427921838500000,No
0x99abd7121504b1049741573b5f9c72f781781288,18.441132774807200000,No
0x4f3215bb59dbd3a868510ebc02971570778aa360,18.250891782441900000,No
0x9034238c7827859d401f7329b456b9a84d324cde,16.938490278358700000,No
0x89e6179a5a69d2da30f061ca9e09ebdcc0423333,16.75,No
0x540dcae8b81d52d9336e30bbdddaab3bfcbfb075,16.694945730749400000,No
0xd80cf41dd0fe5e238967ff2d976d5c127562cd10,16.676852795855400000,No
0xd92ec2123473e0e4099733b1e03405384aa1024d,15.765006645263000000,No
0x8a5566023790febbd75eb757e4c8324a60e5419b,15.601734338266500000,No
0xe08cf9c864e3ddf78058e576e1ee24fadf0bb305,15.224025395641500000,No
0x6b71b238d753bd39ae929c98fd6a8a0c5c6000ba,14.06624576610010000,No
0xed5511f763f66db7861f98b9f7df873db6b89fe9,13.751643274496100000,No
0x2e4a54aa2345a6e31e96407d45224b7a9a27a138,13.431895961675600000,No
0x34c5bb9b94717a627c53119fb5fc4b6fd426d6cc,12.206808429269500000,No
0xf80d649d2508f1466b65ec03e8a71985fbed9790,12,No
0xe56e015eb0405089bd7e89a172bcd3a83b3d1c27,11.873546163401200000,No
0x61f736d5babb287878b02f1248c1eae53a00797f,11.398985486486500000,No
0x21fd08a5dd27ae6c1f4550f7c1114ace78a837bf,11.093365178903900000,No
0x510c90529189070e4b86e0d10b7e23859e66eee1,10.530901035734100000,No
0x0c5e0da6acc9152e98cfaabc6e059b3d922d765c,10.186805754949200000,No
0xfd78a281278273be96d67c8c499ca23a897b1c3f,10.155410605696900000,No
0x1ee2a90bf9b49cb51f9eba3c457a7691959cec6e,10.152415844757100000,No
0xb35e70eec55978cb35c45a0a037768e5cdfa3d3a,10.140943355068000000,No
0x7113bb6abc118a37576d6208036a6a01af1f35c9,9.994440436539910000,No
0x2d9549882472b77d15a3f9f6f3933fc3d2099b73,9.873571747144320000,No
0x275121b5734bdae3bd97da0fe37f47450656cb13,9.697508297507040000,No
0x90569d742f0b9c61b8c6abfdca73a3361bfe4c92,9.361625614352960000,No
0xc2f094439cd1fc45af3e8a679984927abab0d3d9,9.345433092169030000,No
0x0bf992b37e2b13e1994b9af46ded7fd334459f27,9.166102596628810000,No
0xb97802b788d9c035b9d35a4c3e44b1f638609963,9.093261588639440000,No
0x2c8eb399eb6f8ad6cf33a09a0b5d5cccac4a05ed,8.934912232068930000,No
0xc25e850f6cede52809014d4eecca402eb47bdc28,8.466954021934800000,No
0x8ba983344a53a635452e14352663425f81387480,8.359251603896730000,No
0x55b63a0b5f2ad8c6cf961e0bb360bb59685a0286,8.116325554904200000,No
0x154e15628a9566e8fc1c037671745e8b58aa6c4b,8.110669965603480000,No
0x485b50a781cb5729660bc42c7a5dd52608269e0f,8.023270569814590000,No
0x71ba4a5138bcc62b343d2bc353e8f657d037f833,8.000071481774540000,No
0xaa90befc76b37f487eec5c1a593ea5b9826440be,7.535646848444690000,No
0xd9b8c0bd1ff0adfbbccb3d2bd1b93cea433996d6,7.393830608223750000,No
0xa325741c9e6360f70cdf28ca5a2586d01cfdcf10,7.377119682129250000,No
0xabcd2ef7ffa1aec86ec0f2b47999b702ca40fb07,7.370715068443600000,No
0xfe082b3a2d5fd359f2ae4f38529a535b89afcccb,7.30021540569940000,No
0x06e045b036e4edab1c2497f1f828d932882f0e44,7.22552071010723000,No
0x85d4546af89b85160739c6ac22c00929268f7ff1,6.747296493901780000,No
0x126f07bbfc24f09b9dcd6b8735e662a461fdceff,6.544242103129130000,No
0x74f6e683eba88303782db447c0cd84983ab95f0b,6.461224137413990000,No
0x8b1c49c946bcbcb4c1dd477eb1dab009be590ca5,6.267727605604950000,No
0x90d6e45c56a9424018cde3917135759ec4ad3b3f,6.2099901589409600,No
0x67758768ff0e68aca2deccc5ff6a5d146737065b,6.203039439370260000,No
0x1ff94f13fcb91fa0bb762b2df2690b6a7b2201c2,6.191924064675820000,No
0xbae3f40932a9aef6c4af9739cd0c32f187a2a7fe,6.012731241819480000,No
0xa888b888c89c01d90cb9ac12503bcb177e157d64,5.95313151136096000,No
0xf2baa666e9d04e29147353eba49e9f621990ce24,5.770211776570950000,No
0x97ddbcb90a3bccc8dbd1ceabdfc578ac9c289091,5.60588238447805000,No
0xe7ae445794b6b00bb54f0154d8e77bb1d4944729,5.571956332050880000,No
0x4334722a078b40d24cd7539d47f8141ab05afb53,5.517970678805450000,No
0x1eac5345e9f0dd3a581823adae2bba3bc189dd23,5.517193589599350000,No
0x1ba964498f3d418f566dbaf3e11f669b46e37c63,5.510598879706710000,No
0xde0f3f043cda2ae504169912da7d83d3f01bdef2,5.47312584292077000,No
0xe301101f6735d904930a627d0fb8a058eed4a554,5.451167754402770000,No
0xa7fadea95c1ff8118e46448b3ef579b159d45234,5.411653268390030000,No
0xa0ca7867d1a314bcad3a06bda01de57ff1b9f763,5.359352933216310000,No
0x8524695e81aefc8bf6e5f92e2a92e958ff93f73a,5.26932561009880000,No
0x0c091f8723ab1f4bc9be11f888d680ce0dcb6beb,5.164258500021070000,No
0xf849e97704f0e3d6a38ff7089c642c27f56bfaa0,5.10428517536821000,No
0xf63ac51f2c3f55ce667659bf69b37ff9f12588e3,5.051240917491460000,No
0xe4ba3be0b4c2c9ccedf80508db327abc9deaff3a,4.849161503608360000,No
0x6737d6e91f26927dbe7d6204226f4bf7fc449fdc,4.81613325884246000,No
0x29090f78df6a0ad34d00d5950879f4370e5bccfb,4.742502140384500000,No
0x7ec06aa501f3680e4b3775ff0c388b9fe46f3f64,4.718108721744140000,No
0x951b6d50d07c39b0f97a7bb2f5c1e96f07a093d3,4.61809747090694000,No
0xd8d7d2c60c66c825fb4b490e6d6563a34c8e0c7a,4.605019185734140000,No
0xd7c08519eaa5804ea8fef2f2ff45eb5685aba9a1,4.394035638772570000,No
0x0982f0115b5855004e37df6f2c0ed927dd2ed796,4.372938092506900000,No
0xbd0887ec372339f2c301320715d42cf7ec674a3e,4.364741496861500000,No
0xcb8e739c251ae2f6a6de72be4fa698fb302b93e1,4.33636921599692000,No
0x81228a6a38119fdbfddc878a8d670edfa0fdb600,4.254367407806080000,No
0x6ab3bed16048203083f91a56f6b98ca0bf603b15,4.245384028442350000,No
0x5080b695b3d50891cf24684d938629d0c9d75ddd,4.22259439145812000,No
0x3d4a46e22d9608b74e651fd7f39fe9312a07d82b,4.166884043192570000,No
0x9d603187e6db4297fb6424c2c3bd8fbd12e8e7fb,4.122065570269780000,No
0x5e87e617a1e993611e5400a2b0afb5d90200a515,4.078629038111420000,No
0x3b34a392e6cd4cf4c557f45321e454fe1288da64,4.068350788523330000,No
0x54af6db733fef5bcc4b0fdf056673d25c0970063,4.061842444164010000,No
0x9e74482affe86fc5d041d47707d4acf87b178d71,4.04458432930298000,No
0x5229f1744ddc0316048314e9ece5f75be3d0c25b,4.043330806485190000,No
0x0fb3fa40850c1e472b6eced8fb10781763d42193,4,No
0x9b228b4f71b3bc7e4b478251f218060d7b70dc25,3.998189342222880000,No
0x4b718802bf1cce797062809a18984ba771c16be3,3.827776572255260000,No
0xf343847da9bac1215d400a51b303488155b08d0c,3.769347596359290000,No
0xb742f26ca4760a765ac2f095b01fedae765dda40,3.755914647785760000,No
0x65e71a159034c56799baf7e087b302752ec86b74,3.712257102191730000,No
0x2ce3c5983fd17be4970b3331276fe5a80a71adfe,3.627788110483570000,No
0xa3a46871f34576c2ebafcb2bc1ec97f56ec5a5fa,3.625235731130960000,No
0x1885c1700b9aa179d26c6015b2e16d13ce005e30,3.622686044472590000,No
0x38e273c1f81f9a96f482fbba88462d902682770a,3.620139046722170000,No
0x44d816f29930b5947e69f73d688e06445f936410,3.619778080966290000,No
0x75b5fcb1018c3570d4becfc9fd113d9640a212e8,3.61759473410004000,No
0x41fef71fe3480cd53bdfb4f8594e2e8c8adbc637,3.61505310283320000,No
0xbd627918be98ce3b2700c9b7bbdde4228b845933,3.612514149155260000,No
0xb6bc9d7c18940272afca54a818d9fe28e5b968e2,3.609977869306460000,No
0x35be9fabdc527a3dd4f2d253e00f7d17afd0cb70,3.60744425953361000,No
0x8bb0aecb39b5db1e8c0e26a2b35ade65ee658c36,3.605804321705120000,No
0x2975a496d31f0d8e4d9a69b285dded38e5a4d49c,3.604913316090130000,No
0xe502c4e4124e3507ea5097d65e3d43aa8ade68c8,3.599859413237730000,No
0x603d1879686b1b471e09ef6fe1d9e0cba996f593,3.589856957613970000,No
0x602d34c42439baec456f44a2cfa4ee3977ff10d9,3.576032389771730000,No
0x24404c5da29eb41a8880eaa015da24ddcd221798,3.444461083206180000,No
0x8ee8bec88c2e2b6d1c464f856f90ea9ea5dba947,3.399639915068390000,No
0x5fe497a46fed536a67f31172ae0c7a836a333099,3.393524938707640000,No
0x2ec31068d6451510841578981081124a0f75cc64,3.382133239777510000,No
0xaee9e20254ee02cac7440ff9079e914dc172c182,3.330099356725750000,No
0xdf6b49232b18c3e795778f7a05a6b46cfc592bc3,3.32487921568591000,No
0x9f379980b72631b4668392f7da0710273b3b587e,3.303483565337310000,No
0x603752b541beb6f893fa9a1094302ff7b2c428fe,3.301265618856230000,No
0x2fee468aa6b5de91e8ceb078cd3a3976ab1e07f2,3.299049905306980000,No
0x6050ed34eac89f12d03025c2b4d17846fa54056b,3.296836421693220000,No
0xd5d8c1e1fe0b95897e538c7bff4d89b157643c88,3.2946251650236200,No
0x39ef9b6557bba594477f0e6e28d8587d2fbdd67e,3.292416132311860000,No
0x5fd61fab3d2df478a3700dbb2b91d0557e22f1b7,3.290209320576630000,No
0x0c2caffb6848370a69891ee0606d81a3eb60923c,3.288004726841620000,No
0xd7f4df32d5bc1ad430baae906bd29910ba7ae178,3.285802348135500000,No
0x529a7b75d54e7032dd95467aada26c02d0c40415,3.283602181491910000,No
0x0f94325dcc0e118fb3454bceff6bcd814ad2b58f,3.243538231419280000,No
0x70af583a749922c34112e602376adb5f3771e19c,3.21833237158766000,No
0x97327e0ea1aa098b6ef0a1d487b57af9d343e821,3.151210390327450000,No
0x8ddbf6dbf63e660a1da74d1fc4cd0c71af364b54,3.14205298522096000,No
0xc21feafe651b01d8135df3bf8112f93fe684ad62,3.116191661133490000,No
0xdb7c69082a4b3fb3bb0982384589903323a7a185,3.112057850095790000,No
0x7f916780b4ce6c4c859dd8823cb924a25ec53740,3.049558476348150000,No
0x8c4adacc9a558596a20940bbb4962d6188f2066c,3.03,No
0x7e6661fec364eefc93cf036673e7e6d5f7f2ace5,3.009285135938850000,No
0xff2c13a2d71a4d3b70f4086dc17b4aa6c075efde,3.00262502439780000,No
0x1dfcd05458322595b518b4061d4d5491f8e8f0ff,3,No
0x6cb4890d712c91020df2e62fb7bb869ce6ca3e8a,3,No
0x0ecf80f645bcf1253ad165930bd36be502f9f608,2.986689762362210000,No
0x311274cb9eba4c10c66cb41923d29d6697efe982,2.914786133094840000,No
0x1f916bbf39ab189a9e3d9e1823a7b1a8e9e5f204,2.859608189148760000,No
0x774ec5a2a2896a03ef4366af3a81d662195e34d2,2.81474337254000000,No
0xbc5f0b9e57efcf1a7f166bb5f9f1144a288ff98a,2.80752317830313000,No
0x042604381b03c76bc12742c22902e7b11212360a,2.799295221018420000,No
0x1b6e4988ca9f03e186097c9d7ba56674907f1027,2.763384722181940000,No
0x2ab9d3e5ee0278015f339a4ff17a18c4d9d0eab9,2.730231084859330000,No
0xc1c515f7a74b5667bc1b65b2f74f46b3d49bc641,2.711202289540270000,No
0x0170ec54d36f97e82a16c18a740657d29ef9e5d7,2.656376127673750000,No
0xa1f50ed6656f884df996b7a9a371dd7ef2892ff3,2.650430553138360000,No
0xac1c39fd8f0c6df864250c92150f3e2aae7759aa,2.621301829592630000,No
0xbb0cce02eddf589c77257fbefd390a59082ad5f0,2.617089286916170000,No
0x56061de24b5dceb6b94561032b75cc61d7c2807c,2.580931288909920000,No
0x50ab9f200d2f78e9ff564f762f59e2b6fa68b125,2.566353451271690000,No
0xf0e5fbedbf83edc03b321860973ac48cc533c188,2.55844276026967000,No
0xa94c1c69e69948d9222a7c8ace68f4dbcc1d8efe,2.55516456580083000,No
0xddfaf44cef038bdb300c297a78d5fb6a07687670,2.512266076573620000,No
0x7d9326d3b6a485e2d570158522eea103b8a31573,2.484838146654650000,No
0x5cf7c1175223ed0689b734619f345cb2c8405ca2,2.482926151953890000,No
0x016a773a0fc78d3d12fc51bea9cfdfa77d733e01,2.475616408560370000,No
0xbff5153f71126c15d48326e919bb2d4f57d958cb,2.441006822427700000,No
0x4b66fe12787ef35c99fea0c9f48c75b163ce93c7,2.43087274148627000,No
0x87b97782db0c00a6f241c6ed12588ee40bbd9d01,2.374124196422450000,No
0x073299692cdb13e3f9d2cbb71cbd9b3d8af9d527,2.276409984256930000,No
0x74c25664f5cafb366ba336fac4888bdb76fc1e70,2.272329849135000000,No
0x38e9769b1a3e5cee8f20ab3c5fb06f2c6ad959d9,2.261293229101460000,No
0x92e47e2f2a87abd7413c647f1c8f011f7d2fad4c,2.250327667802580000,No
0x5383d0c7a12e04453d5d8e58051b63db491af0f8,2.221881362059170000,No
0x88fd77651677ac05b9ab11d0242a8e0b77fb3fe1,2.207035612981070000,No
0x21d90e6f18f3848d9e45f34bdb4dfdde3fa09d1a,2.190108569186070000,No
0x1a81af1afa341d6617dbfb130bff02d69e18d3c2,2.189860539963370000,No
0xe2ac7bc65afe02e3c996a22506e43b4d04be6f14,2.136242679195400000,No
0x0fceb02b66eea9abcc3d45d3d6b632701b0b648f,2.135774978533190000,No
0xfa07c9154dce4354cf557e75222ed02d6ad1db2a,2.1,No
0x196b0fe81c90d5762dc8e96e7d96fdd8caa4c58e,2.091292883786460000,No
0xa98acbef4e973332bf21f4c149519f669aa96a36,2.071100247874240000,No
0x4eebec98ed0af4c4292ea7a8a80a77d28374b930,2.064495701025880000,No
0xba5eca4fcec19d4f4561f048d5790c61d996c3b8,2.006352911570600000,No
0x9e28b15ddb7237ac4a89be4ad625aeb7b4e2f601,2,No
0x0605afb3a02b0b069d0caee84461b12300996e2d,2,No
0x0d6fa7f770959105bce8236f52a055b59abf9e36,2,No
0x57d87a20b2ec5042134c274c45021f5bb3c3f393,2,No
0xe28d4bb9d268a5a1ec46cf51bd41a2d120fce11c,2,No
0xea3e6593569cfbf3f748570768c5e58216539017,2,No
0x3d9e679a8221e4e7dde9c2a59eadd9e2502f1bf7,2,No
0x6692f937944d0c1b288166b9424a13cc6e4875ef,1.999813277732650000,No
0xfb49185fa9dc5a9326a54be0acfeaf81a968d8d9,1.997582508383900000,No
0x5415db27b53c3f1fe443ca4a17554fd105f8820f,1.959808165118810000,No
0x4f8b9795b2d483cec726ec00b7609c43ebd77206,1.93665567327296000,No
0xbd9205acb643095de74002d1b14ca7e5e7b56bd2,1.917833503752540000,No
0x22e5fac9a3c955476f5d39c7908f276a128d20e8,1.894766956161320000,No
0x7efb9e08698df8b9565d23d481962c36aba6aa6c,1.887521484700170000,No
0x3664e3a034302fdaa3eac12e99e6bd6c53d5c619,1.868280042091320000,No
0x08c6346808d4915f83ca85e76c03c0af43ae95a1,1.866900553175400000,No
0xc6aa455a178b8db2c9bfafddf726cf1222d20a24,1.829796728204330000,No
0x5417a03667abb6a059b3f174c1f67b1e83753046,1.81415786730877000,No
0xd8b0b7dba7d0c3588d1afe98dca58da9325c1154,1.808154248532010000,No
0xa8a87e6f4855c369135783bbcf16b1accc8d451e,1.7,No
0xa2f672c5f4a9a1d2a53e7f7b719b4c6e130f7579,1.698438669265270000,No
0xbfc869fa4a2e32edfd3cb67e3bf29107b7685614,1.695244593859250000,No
0x86d7824113f1286ecd96bb6a07ad5de6bde38c41,1.681184761079260000,No
0x573267a8c5d5b3965fa778fa4de1b5f676073f92,1.628166086606540000,No
0x9f741a52d059f3a909926022ba864d09bebf178a,1.627870116603780000,No
0x792c4e5d78337b18efedbf597fea3473361221be,1.619903705476870000,No
0x76b63dd54a5cc68ff658d790693241d5dc3fcc0a,1.614178654506630000,No
0xf8fa10153f522eff6e19db39137fb9e8a63cbe0e,1.604052040597140000,No
0x888f3ac1c25633a3c9337cf02349292d2a0b07eb,1.593028634356830000,No
0xda2f0087f922ebb2db0926d00213e226519bf0c3,1.58616600725901000,No
0x639f439141cd5a56938deef3ac8caeb881f47c58,1.578807152316670000,No
0x19c32b7ab4d1615d5f03279f85b18f1b0e750ce2,1.578785122199050000,No
0xa8a6738a872b02d32533ace4063f677238caada3,1.574868085687950000,No
0xb0df067ad610167ffef80550f792ae8213e43bea,1.565003425082990000,No
0xac044dd4f3a985d643c3352409e06b8557196bf7,1.552172764563960000,No
0xe1164b89e4b9808f276ee8fd08a6b537b5f0b55d,1.550303573207380000,No
0xa77cae686a6bdcbcd5ffbf6c0058d549c5d4b72c,1.540580009817850000,No
0x0013b99e50372d609f1e1a8af83544878e99fcf7,1.533739319991240000,No
0xe9222ded25cd9ec5f02b826187c3072879c78b33,1.532037281192360000,No
0xc2dbf98bd9c7c0a424d2269d674f7ae22f3d3f71,1.531024472894190000,No
0x7e6a90d145ba102c09c83fdc8d7df84f8d1d818a,1.526012860391030000,No
0xc68bff79073939c96c8edb1c539b5362be1f64d1,1.521440270198310000,No
0xc52799fa7823447421aa46e39a28d2e9b764880d,1.51710810022339000,No
0xad763f07e491fa325c258ce216c3d5c045cda306,1.506827536995350000,No
0x6964f870aa07461521ba2f947837a00e0a4c008b,1.500360150531510000,No
0xa025e69e913e2190467463d6fb5fc26440015704,1.498073817227200000,No
0xadc5533f0f2a8393a38a61361a5321da215511d7,1.489809490958690000,No
0xfddbb8b679f8dfec0b9943cd009dea9a5be9c9b6,1.462330017419930000,No
0xb0e8896767b85bf4a0d03bac46336126d4f3735f,1.453375924857080000,No
0xa6f47054e249baa21f42245a67287d159f4f4a3b,1.441796329858860000,No
0x00b1f00c79b80b67a224fa68ce318c247a0a97f4,1.406002782346020000,No
0x1f8341c97cc93917bbae6b799b4298530e56a8f3,1.404570445955180000,No
0x917b81151fec054c09db10fd1f775c4fa6c4343e,1.4,No
0xb6fa13c82506aa96a63eef74ea7fc05402cbf26f,1.395168478184800000,No
0x8454c9c125f3a2b44dd892d1737609774b4c78f3,1.358038113903560000,No
0xbd0a9e0e5ce898be6a2688a932bf99ca44c6cb2d,1.35043525186311000,No
0x8f06796b2d02b9516f3beebb1d7ba29bb9e7a01a,1.348402289943010000,No
0x43a37dfd32c665878627995545e32c395032ed91,1.347046836992570000,No
0x80988dd67bc68a4310a9eee4b6563a7699c77363,1.332511440000790000,No
0xe9a93d1026b334cebe0f955754a625bb3c1668ab,1.311501147164260000,No
0x759e2e0021924dea552252b1a6eab1452f7f4938,1.276204925584930000,No
0xace2dea5cf02eeda2f0453b79986bdbfecd2e79d,1.251347891170990000,No
0xa09d26246027795c5ea29ff2dcfa568f0aea925d,1.251072060948170000,No
0x67db3952faf2b7b94c0700eafaebb672e8f2c66f,1.247805001727150000,No
0x1a41ec571ec8fc815febf81fcbaf9d7f7ec98849,1.245920858897330000,No
0x508a1a1e84c3ff780f752a5dfda1af9678c3d16d,1.243809247180390000,No
0x8a64e2c4cd802e8540b9b19d24d8f8e35ae00997,1.243673341019180000,No
0x063ddc272912b954e30f30ad452f5c4d36009cdc,1.231839056965370000,No
0xd7e0d63587facfd86fbab014a6ad7280c86e0cd6,1.230860998196170000,No
0x76d466371c0e68bd2c20d7b1df8a5b959d38ffd5,1.228852420387370000,No
0x297d20964f45cc586ca83ca06dfca097363a0830,1.225256105879070000,No
0x9a6f121a00e8c5e246ed3b6f6eec435369f3b599,1.221792351085570000,No
0x6543e7864fc55874647314669e65a0b3a64b9570,1.216681818764020000,No
0x46e449a3f88d0e35b4520bc36e8dfda195c896b0,1.209654952521860000,No
0x738b6c539d2b920b73413c725556d4cd24c5f6bb,1.205529041009740000,No
0xdb2bcee1cf4e620e2339139c1f7f827ca12b42d1,1.2,No
0x7f43c223f40aa8b1b6719f1f5042abc5fbd22b09,1.191997161798480000,No
0x8f2d17c4bae90adebbdb9b4d48ea2a7eb172e53d,1.162113024359800000,No
0x7246f98b01aa4127f1f7dc7a5bda9acd6f604e13,1.160692619471730000,No
0xd8d46b002d797dae8b08c12feef73a82481fc4de,1.159852017870930000,No
0xa61de053e64a19c3f8d372a6a868f8c31a90e45e,1.156086439624280000,No
0xf66b6051525d852953b6c47f6eca130d19f41683,1.15579063404622000,No
0xbdc0d363e5606c8e4a646b160ada121a825a2673,1.13775241051500000,No
0xab7c847603043495b74d4e17084c3c6bc45342e5,1.137240127099400000,No
0xea94dace59ede50c55d53cc90c26d8ec4ff0b685,1.122377555791990000,No
0x8363b966351e6312fcfaf87e03363579e49f6ede,1.121218681233220000,No
0x7e17bde2837fbd83aa096f16ea6d3a076d29dd48,1.116048731848850000,No
0xa9ce001353e021767264f5ab6102e65bc9cd2023,1.103530665926840000,No
0xb2ed088c2356df1a7ddfa98345ccfc2442915a5d,1.094003440860350000,No
0x53954b496f850725913f5d06ce864582b7b4d35a,1.084966682131620000,No
0x004ffcc100947bb6e1b17bef94a244b1f3a60faf,1.083694954113130000,No
0xd662545a170e08218e1a84dba58ff7600d1d2bdd,1.083652961386810000,No
0xc26c29f2d6bbb1af5d4e36624c7a843ca5051379,1.083005797112580000,No
0x122a9aa02bd83a1a2511a24ce6fd36930771d364,1.081694406813340000,No
0xf54bbf4e053b097966ffbb99057f94a248563465,1.081193011324330000,No
0x34d8900f7fd420ea84511452f315212428757c8f,1.080596316876670000,No
0x2f9b99af6669cd87b76f4b258504f877382ef9d3,1.080254567414810000,No
0xc91b2264797096050dc3e6c88dc6ee1b9fd6ce4a,1.079995376390130000,No
0xad65f8db32eedee03909c32158a2e6c2ab096ca8,1.079789447072320000,No
0x02d2ae063dcb553a07a8a3c4b1d4a431d0c4ca8b,1.073942231841670000,No
0x54f18b69698d9310e8c645d2b498715907a6ec6e,1.07262515256379000,No
0x30e3784b28332b7cb268988f9e81eeff9e3bf2dc,1.066570185655100000,No
0x511d81f75b296df4e29139a3e6cded91d6e6ea98,1.064731338606950000,No
0xddbc1841be23b2ab55501deb4d6bc39e3f8aa2d7,1.0537068172748600,No
0xd7ad867fd49c98b3e5aa09c4296875885f01efa2,1.043406131773410000,No
0x52424904872a59a528e6313c1522ca561b666384,1.024107242794310000,No
0x4b005caa68d303b067b30e73f4d0a46e33520e93,1.021112970456250000,No
0x7ba09a0449102f7f2e6398132fde0ce35d1bc985,1.020877188664560000,No
0x07587c046d4d4bd97c2d64edbfab1c1fe28a10e5,1.01868239833283000,No
0x396f8cda2825abb6d0c37e631bad4ca01b24d2d3,1.01582175376083000,No
0x9eaa9b532321f9ed4ebcba202d3bb1cb4cacc794,1.015091327136670000,No
0x09e289a389352e6de87b4467a4675d30cd256805,1.009664173085960000,No
0x88a8e4b38407c9f7049771e964f5451d8f43e50e,1.008789462753530000,No
0xbefd50e65548e23be08270541b9feef94b7cb07b,1.006996811924380000,No
0x482abc7795ccfb657dd09c9f0b67312f4eccfd07,1.000963310618670000,No
0xacd933b674c05b508abff3f5976118bb674092bb,1.000284581156950000,No
0xccd6b8e11f1abc13efa7ff0367d801bc53b98f77,1.000264224479150000,No
0xa91c2ceb9d2e343bfd5a12d5b3b3794346a8c473,1.000064667706580000,No
0x1ea8f3e05ac5e60d4e5053b3588a8eb4b8ff002f,1,No
0x4801a4ffa7735f45a7364464d8dafad84b1f9041,1,No
0xf36e3d66a3c98b7b7eb881096454b6075205997d,1,No
0x18255651ee6cf63702131b9d376c44b240e2b1f1,1,No
0x4cfd6706e03ae72871030b16e1cbd707db84ae94,1,No
0x1874fc5f915aa9fd24c379fe7f9ec40607cef78a,1,No
0x3c35a68fa825cd357b2dc8a4875a60d326e20452,1,No
0x99a4c383adcc704f0f9b3966a0d23660caff4b77,1,No
0x9a6fe350185eeb6a1d98cb71e9df01c0725cddbe,1,No
0x53bebd20781aaa3a831f45b3c6889010a706ff9f,1,No
0x11111171f17d34e7b2486271dd504aedef56d415,1,No
0xd70676cfa67abc65a8c39f049d62eea30e3080cf,1,No
0x6aae613d2e765afcec7d041bda2827d030e84c1b,0.987417875566510000,No
0xd511f7497734fbeba31f215de2eea5acdb8d207d,0.985084911484334000,No
0x9783c65d100899e845a29c891775ce6ca4898881,0.979665986173032000,No
0x10e96d347a13267916ad54de589348bfb673b229,0.975420651706371000,No
0x7471e603a5e90136d678c919884048b227f5ba5d,0.974654063660968000,No
0xb6236ec8c70bafe93b104d89a48bea585249c568,0.961407336986331000,No
0xdce4799a9fbab63a5d2b6f19d7c5f85fbb512efb,0.954247380807272000,No
0x7a5a35de3c076a5b9821dece49393131febaca54,0.95000562663731900,No
0x6b7cf327f7f9c5d37fcefd86a77364b90a499e6a,0.946861246675850000,No
0xa18c629ee8859ac0bfe95a3b7dbb685f71ec8527,0.940251948533739000,No
0xcd1952d79e2d14c6888a4ea63e41a9c1c2729f88,0.938998847580255000,No
0x98093589c9218668f18030310354cd7ab630cfc7,0.928,No
0x0dbd7cf8bec5f83d02d07ff09fe077e3897cdba7,0.926255473258267000,No
0x421902923b283fd67ff663e05952b26a691f16cc,0.915440131318991000,No
0x232a31579a41cb612bfef5a58c6e2cbff5aa0fbe,0.908011526191635000,No
0x1a49fce89d020dc189979c0d5a52b59a35742fcf,0.901031905156948000,No
0xabf7dff8727ced78180e90f7c9ffe3bb2f738b50,0.9,No
0x13a881d54b975409ff64fdb48eca99f1d9063559,0.895329858773503000,No
0xc7ecc98c3deebec0317f75bdafde9a804007b48a,0.871698444917069000,No
0xfa2f09a3bf03b4137aff51a1ce17350a574fc83e,0.871129304159835000,No
0xdde336dc9e3f6a7defcba9e4bde80ae0d08f843d,0.865882243136626000,No
0xeb9fad97e4a214a159674f585f07009ce6684d0f,0.864319378950394000,No
0x866aa76034f885f00f3b2ff6b673e672422bd889,0.856117324296956000,No
0x0f75232add76d7ccc6df7c442aa4e09639643d28,0.848707140466980000,No
0x9e497e4c96bb0f2ef6c03b7365a7a3322d97bafa,0.838116252362653000,No
0xcd08b9a4ad01ab9893cf50b1ceedea9be264403e,0.833929083341190000,No
0x324039e9decfab2bb31215e6031b7a76d6445a36,0.83339759981338600,No
0x54992cc59dbdc41bd67845f6c4dc5c5eb33d1daf,0.831961334930093000,No
0x0f11d63b67913c318329644a26eb1a60c93d2348,0.821449350394491000,No
0x2bc3526ca79115e8c40bbaf180b78e81f459d5d1,0.819880562083562000,No
0x742dd66ea2b01cedba34fac7a016908a5c75479d,0.810070194263323000,No
0x1f4c47b3ffda7595dda602f7467c820d5cf22fba,0.801865913209230000,No
0xc204754cb3140b413234944ae61673d571485c63,0.801711748687654000,No
0xe22f9db1e702f8e5af06d1b8a7b1f9cdb6abcf78,0.773740531767339000,No
0x9fc71b095f503f9032deb3a71a94970fc0df1ff6,0.769585968677457000,No
0x3ce825cde27f8ca14fafd4232b83b5a14194f502,0.762712736153647000,No
0x5963b3aa15a035bb45658edb8f52dddccc57cb1c,0.759871955197878000,No
0x7a8f185584a0c04fdac1ae705cbb9c872b229217,0.756104203709116000,No
0x991d2f6b313b30b0cdcb5364886d05401019e15f,0.750275512655302000,No
0xcd06a197d9e9ed3d80a878852951fbbda769b2a5,0.74938462507248300,No
0x76ee0799a026a0cf0615167c94166a79099076b1,0.745432614399704000,No
0xd1e8fd37e062b2337dac47e823115d3810f9f55a,0.742564254675426000,No
0xf3e6a2098f6889ceabdc541f4577242c9437f9db,0.722233048984908000,No
0x218915ddf9af429648ef2280cb7412dc205a02c9,0.722218511343171000,No
0x6aad15545c37b613d2265534439c007e854db5fd,0.709370055614326000,No
0x695095b6bacde8ee9bb9f5c4de17da703bba821f,0.708582077631691000,No
0x071268cc88b68fc9bb31f726a499a27859432e0a,0.707005134566976000,No
0xbcab60413402c164458c848724fba42836a301d6,0.702723274324398000,No
0xfecbfa98bce5640fccfea458c9d1ec485fa9a503,0.702089007910195000,No
0xe3f50cc610a9386840e9d79082a15fa2d73538e8,0.70064175937216600,No
0x6f61ab47a77955491fdd4afbb7344d08ddc239a0,0.700178094443639000,No
0xb0502657d7dd25b2bb766601f015bdd3bf856859,0.7,No
0x612df81cfa4a4255474704a48f49111a55995f4d,0.689236927774948000,No
0x3791dd06e15c98e009ac80720fa51e9a50e555be,0.688955987168679000,No
0x87aa2feb827c7b14f08796bfd05bfb49b828fb82,0.687226892012408000,No
0x15f515fc49188f874a8086742acfd2fe1c351d01,0.670581489906012000,No
0x85e2a0f55e68d892b27fcebdb6ec6133842366e8,0.66705383595123300,No
0x46a7fb88eaa1d6b4f67bfca6ea48fe00207fe7b5,0.661467017850505000,No
0x60a1ce5b0a63521d2385a1c07b147a914470a99e,0.655212442146962000,No
0x4ea2c1634eba0e44b8ca9ab093c769be81eff8c7,0.654102221852852000,No
0xbd0286cbf27d4d9f0cca7cbb470f48ed66b63c99,0.651351756229745000,No
0xc540b6748f64547e213f8e4dbe84f23da416794c,0.648925918056426000,No
0x8dec0bd6a4e0d1064a7b07b7f66d27e579eb7b62,0.647045466590183000,No
0x3807cbcb063eb483cdc4334eae1d7b0c8c137d2e,0.642685232470390000,No
0x75872c384475117e8c19ba27e1fbe8473af9ebc5,0.639610396791224000,No
0xd1742b3c4fbb096990c8950fa635aec75b30781a,0.638420092189838000,No
0x20592d8c63f949b93f95dbeb5d55ee7efb9ef64a,0.630979967120506000,No
0x2732da380f45215ff5a19df208ccae533e31bedd,0.630141533808781000,No
0xdf795fb27e184b4272bb5ee3a189db42925f63e9,0.622252678116039000,No
0x25ff98f948ed0f6cb9272474d4ebb4ee979e25d2,0.622103731712305000,No
0x7e37c3ac3258df1ecf726c43ae6559cee55593d4,0.622022639652375000,No
0x386d7aeebf534e4c041581271bc737f9f3828696,0.621941563447100000,No
0x62cfc5594829545ea0c688124ac9ae3ff7d578ad,0.621860503092348000,No
0x4da1ac39b7fb207ff96f943214b79be3770b40ac,0.621779458583987000,No
0xe68e20094f4eabb58a70094cae984d1d71dac238,0.621698429917888000,No
0xc78209b2cb33a271315cd206f8d406eded182428,0.621617417089921000,No
0x1b635402883901c33ab2782c003154c78dc5e265,0.621536420095959000,No
0xe3a135ce0c4cc46df5648d740d7f0c2542ac769b,0.621455438931876000,No
0x39896ed69261996bc84201cb2d4b82262834fcfe,0.621374473593547000,No
0x71bee6bf3d2c0eecc71be800be56f7c232600296,0.619501544363239000,No
0x6bedc7ec3c9dc60c3b1d46793bcb5f89d142e2ef,0.614308753635388000,No
0xdc1b9c52fae4eaee0e6c158de8af99cffcd23ce2,0.610931242484092000,No
0x63d3f3791ea92424382ec4f8781d3454a48601ac,0.602879140869727000,No
0x04ce764e6410a23d502e6e2c7baf8b175ea7a7b2,0.597387201425714000,No
0xd5930fe499991b8268c93db19e77381a433f57d9,0.596728084811963000,No
0xc05e3d9eab49880520cf44237f5cd34a46a6a09b,0.589654923173712000,No
0x2ef3e209c489ad1a7a3602a0cdb56cc0497a4b42,0.587421875678155000,No
0xc3ba1a08aff7e96f3461d565c95f5921a6e023a9,0.584432898288495000,No
0xdbc0778c7df8e89d31098d7c2e25cd1b5d8d8c8a,0.582442586383235000,No
0x847a253ba385dc933df72e6d8dc2a5ce81d0567d,0.577481786110221000,No
0x70dccbf7739ecdf6adb24fa8958084debd2168ad,0.561694920117072000,No
0x8097b4c9188703f77528c4a98a8af57b6f8d99e3,0.561549169830888000,No
0xf19e9b808eca47db283de76eed94fbbf3e9fdf96,0.560164838868417000,No
0x857b6b44ca7c7ce287a09b7981c7c7f4bc612708,0.559992786241371000,No
0xd593fe254cc243d60849e16f9d6208e109e9dae0,0.557386596225505000,No
0x161d9b5d6e3ed8d9c1d36a7caf971901c60b9222,0.551134832703531000,No
0x7d29c481a36ee12675a46ba74a4b07699b1f8b1c,0.551088669618144000,No
0xc752eefe138ea47abdde44ecc8725258b2776643,0.550888001838177000,No
0x52afb87f8bdeeca1adb0466b09273dc422a478f3,0.550704847784400000,No
0x970566cc0fe67045275341bef570b618fdb4c3bc,0.550521785055443000,No
0xa2005ac36ef9469bb33bb5028829922e04b0b520,0.550054642099480000,No
0xdf90edd56d9e6ea5cbaa82a7aa0fd4eebb26d32c,0.542678840611039000,No
0x47d744280bb344dcc071bbb99c4cef20ce216767,0.54244209916208500,No
0x946d1204a7289a4395f7b8a518a6d4dcdbdf955c,0.542375908008771000,No
0x69ee985456c52c85ba2035d8fd8bfe0a51f0e0d2,0.54213301078886500,No
0xd61548c20d15700fd6d7271c777986cbdf7b7321,0.54080797574645300,No
0x3f73258e522d9dc6549896ae59e1d4e5ec1e4a8f,0.537284075226502000,No
0x90246e213d939df5405cf53dc77e1dee2b9c4b54,0.535723340590468000,No
0x81b98a0e207726584ce1ac687fcae6059b35ebcf,0.53435242635398200,No
0x60cd04af655806bcde85964a78543def2d40aaaf,0.533498003227497000,No
0x89522337f6246441b826a038d7366b0efd9845f8,0.531558016538913000,No
0x7c0f6523a199c439461f64f50de1b0bfe2cff16b,0.529593551502966000,No
0xdafb5ec17dd87d20363a550981a506413a70cb2a,0.529101865110936000,No
0x0a3aa0c7be64ed5dcc9e6449dfa261786c0de15e,0.527294556909208000,No
0x8375c683690cc1c96e936e2759dc1b0570e95b27,0.525486826209924000,No
0x74771172f47a22e58d0c63405249b516e72f5cb7,0.52177273571921100,No
0x95870a7fdf490bd29184809a1938cad86548a79a,0.514698463829554000,No
0x8ebd87e87b9e8476c8b61941fb7bbaf522316321,0.513269393752191000,No
0x68cae00b7f67ca7fddb28ee20bdfda47559a8c87,0.500568204328697000,No
0x817249f256c020ced5bee244ba2170cc8afc11a4,0.5,No
0x71741401238f3c9c550bc109768815d2dca85bc6,0.5,No
0x76e9f195a9a4b8469d778d84ccd0adc12af71d1d,0.499713865804178000,No
0x23097b6aba22896e3c1e5e2e79d8efad0c4a011e,0.499692157706002000,No
0xd993a6ef72746a6c00cbea6795a98d8af8406b24,0.498139267921003000,No
0x89fe1d4220370175d12749cac0e8a4bc8b5d8b8b,0.497867619456611000,No
0x8706f78e11aba4a9134ab87bc5762e3b971c22aa,0.497295093251808000,No
0xbde05e655184a10c8b67565b31ee7b3614d0428f,0.497236991019625000,No
0x1d3d1a07a17f289b8401838279b91a8022531ed7,0.496584105926131000,No
0x9ab6fbfbac7484bdf33ff1adcf32a7cf472285ab,0.495476738113174000,No
0x0569ed17dd92378f1e13896a92aadae8d6106df0,0.493994272902881000,No
0xf865e171a7f4baaf71781f8aa970bfbec0ac1f69,0.489905569597882000,No
0xb3c26468e89c24b1bffc3fbf0046e6e08fb93f7e,0.488630983053753000,No
0xc3d100fa13811426bcac51e65ed28c7045c9f469,0.484133777356691000,No
0x893bb7c998bcf2415ef81f94faf5599501a8955e,0.476845756890259000,No
0x0241dfb8165dac08d3f78cb931cf46d110f16733,0.472086416774506000,No
0x95528664cd4e2f834c0c0624a3fcc730e8a19c8f,0.471381903970734000,No
0x9844dedc09b2f68899e8eebd68718bb2e1ce7fc8,0.469230332936651000,No
0x1727062cef06a0671d44aa09cbb072fd9b9928d4,0.468320783396008000,No
0x9f18eb870b647976964cddc916e448912f7f0016,0.463644948928755000,No
0x783f1e466297df1f53d15d9c2182c73ca339dcc4,0.463444129828494000,No
0x5200d0314eca0e869925a3286b342b95fa9b55de,0.460762195891965000,No
0x69bfa13fea5913544677385512d418ab763466f9,0.460036047126500000,No
0x4dc7afaef9b3fb5b41a73d9d6efb55d89ba5017d,0.458541486155774000,No
0x04f1586ac19b5da101f8a64f5e8d081ed592ce8d,0.457589553456811000,No
0x92a3cbb8c465c9ac141cfe80ccd5db1bbb791a1a,0.4537575362406610,No
0x7554ce3530ffb89d3202717d008a92c4f508888e,0.451764922715027000,No
0x1c7cc8672e2ad4f4853e91fcb27a80541eaaf607,0.450420222941056000,No
0x6f02b7ac5f13ef334c9509876781ae4d8a328489,0.447776647419012000,No
0x28b6907a8ac99e1f18ae434663174e6657258d95,0.447566429724920000,No
0x01c58b81fbf4c316f783725d9d02de7b69e847e3,0.437170683929769000,No
0xf4c40bf7070fdcf64ecf020bcb583738a6cc3bcd,0.437057073299726000,No
0x170ef0bb4aadd270348a1ce6a23d8540ace6f847,0.434409799608638000,No
0xdeaef4f1aa1feee88f1ba417ca874a8e83d5f527,0.428638765409564000,No
0x0208ff59b09e0806d2f8e672cfa2a6d7e255ac19,0.426827205393768000,No
0x628a87d0727087cb463b617921f707ad2b388ecd,0.422754902801222000,No
0xe0a0f7a710479f9e8bb729eff04f570258fbe24b,0.422207212444799000,No
0x277608b8fe8e917fc20fd05f6fd679b0762a0616,0.422196636438286000,No
0xad3b67bca8935cb510c8d18bd45f0b94f54a968f,0.421662007546115000,No
0x3ebdb522301913a5203315c8a840a9ee99ce9eee,0.419459556968748000,No
0xaef500253d3621ca71a91143415ebbf6ff4d0dbe,0.417568707827233000,No
0x280668d0fb6bf8e0a649d62fd8eba092bdc6e469,0.417491412212201000,No
0x6ae3433e23ca91a1762b3dcaaf1697cd1976413c,0.407426988039834000,No
0xdda26e076219c8655120c28cb6d5f26c34bc4a2b,0.406913932416981000,No
0x9284c3c71e30ae655cb385efcf45bce18bc98d3e,0.406205988237496000,No
0x4cfc273ae3a3123c0796d2abf0cbc29762dc01d6,0.403741936135706000,No
0xb01f8f528702d411d24c9bb8cc0e2fff779ec013,0.402058035071403000,No
0x4c45336a91ed90d871d343c1cb3f770c76e8fdd4,0.4,No
0x1584809b53fc4fc5065f8990edbbc493fc861ca9,0.396560249134843000,No
0xafe7485217229c6eb88a284b2633c7bfdd1be126,0.373264327530430000,No
0x3e9d29b9bc618def0372cba3c540694107ddd129,0.363614991808927000,No
0xf2160d0c62ebcead84ec569cc842b627ec0cb93d,0.35614428184218800,No
0x068d296d425fc35fa3f4f5668d1a5a509cc88b68,0.352875063751828000,No
0xb5bebda972c09d4e32629c422c4bd53c6f78eeac,0.352850566327375000,No
0xf78073bd14ecc974c6e01609f132a7bd38bcb243,0.351228351725536000,No
0x9c4f52cf0f6537031d64b0c8ba7ea1729f0d1087,0.346990192526141000,No
0xad377d0b355c6a9a40a1993b4e174c966d8ff8b7,0.345695593318886000,No
0x9c20914e89440e9c4f007f565eb286dccc561771,0.345586632238232000,No
0xd6a9492364810d0ea1f36d6b0061d17ebac4e168,0.343849491904200000,No
0xdd39b386f5903be0120af2962a9a5e58c6bda487,0.338281393159434000,No
0xc5ca21bf002c15677944c2165bdd9cf4e053839c,0.338171846001880000,No
0xc3350ad1d08f85acab2025657fbee18c1c98cce1,0.337407516524563000,No
0xb6682691708da7b85da007ea51e9f9d85bad5b15,0.334965496611068000,No
0xd2fc525af4cd3000aa9e8ea20e3fc5b6390f89f2,0.334100521271831000,No
0x58e2ed8866b6a3ba2a4eae5d17acad803c0a8c90,0.333040585124637000,No
0xadeaf5ce70978f7f91b3bdd39d9e28ccf07c7510,0.331029459453310000,No
0xa613258eb73a94bceb47ae53e5b2a9e5d112dd96,0.330300929615680000,No
0xd81cff61a35422d4959db1fcd2cf8eee4c08dbca,0.328794759438745000,No
0x15e6ab0d6b1c8fc257a09dc540997c3570814cfa,0.327747631273526000,No
0xf5a42ca307e70f5a0a9e744fa2c759c5342ecdbe,0.326417872980418000,No
0x4cfeba3af83bd9f7eae3fbf9fc02ca2a66a2ee22,0.323908546371597000,No
0x1de2abf42c7007d512e94d71529294cb3d6da43b,0.322044498002906000,No
0x4f4f094a546b3b1560628150947490faca41532f,0.321753001590429000,No
0x76204fa38944fa5cf171fed3c47f8cbb2882448b,0.320178233610490000,No
0x70eca2140a31a97343dba5434fd735d3377f3d95,0.318632723649410000,No
0xf0e2c72f71542e925b909c90c10c5f65bb1152a4,0.317597900061988000,No
0xc7c2c4c69f58e5e24c6df0269bdb67f28af7a1a5,0.315053367514315000,No
0x43ea620b3fd0d094030e7b7bbf60689db7d81e05,0.314222548666906000,No
0xa3cecf7a2f10c0c00b2e901b9cb7ce0383622642,0.311021222573136000,No
0x85a78925393fbf18eeb7fc8ed704a6cdd305320a,0.310952128503684000,No
0xe2a1caa7600f497c5d34c3c8e5d2b1aae8c7ecbd,0.309395027488919000,No
0x221ac0709b93e23416f7a0eb6a5bd43312ac48e1,0.30730539758807800,No
0xb283eabdffe2827e920445c30e288b126fbf241b,0.3065814336032060,No
0x6f2172c082d721795b83870081d5f9e3a337c58f,0.304331497482505000,No
0x76de145e697c1ec1e76c5db285a6b54ae6292a77,0.303727947750668000,No
0x460853f50cd744bbc9f900b76e3746cff6d33f70,0.301227839396389000,No
0x4c1c109fefac1beb4887351e6ee4f6c7644fc673,0.300044509098540000,No
0x5e24de5694226c593cb19218f00f0b6dd3b05fc0,0.3,No
0x08d9a5d8c8b92df7c0b6dcdc6ff57c1de36b1307,0.3,No
0xab1fcdba2fe0cca880f8da2e8340415031719f59,0.298181459676992000,No
0x153ab54a1a843544c6e85614b881e8d91b58882e,0.296399355709865000,No
0x239e47e18ebeefc3215db7111e2f44473a864421,0.290581988871535000,No
0x548285c281c1effab336b296196c4d16cf691b56,0.288232309178698000,No
0x141c98c4df5aae6256855f4290715402be2d688a,0.286335843747365000,No
0xbc23db91a554ef74648c3d751da99388a8828908,0.283113971457486000,No
0xcb70f6a5e95c2803e1f8d20e9b2c05bbd1d20def,0.280826309660272000,No
0xe27f77e1f3272f16d5565814965f4e6c40a3f064,0.279970421165632000,No
0x0fb61aa976f855a7b41870ef51f38500abc0691c,0.279249385248770000,No
0x36c2354b72a285402104c278f02ef539a3e4b2c5,0.277045017711145000,No
0x51ebda6ee86f8a2ca33361a6eec1e77e8f73b447,0.276761390226105000,No
0x49c638a5450cc3dd5c1f1619f535efb5883aead7,0.275589938235855000,No
0x17df4e3fcf2feec8103133a18946f82792c20c90,0.274124057735927000,No
0x446087a1439a10889ebc124abd2e2761370bc848,0.27235483873931800,No
0x7c13d7925ecbc0718763b482b73d5827ceddac67,0.272305719228114000,No
0x08bcb582ff7f75d6a79426232f32fbb994701515,0.271657382189481000,No
0x21e836fc14ac96be3267f5b1dfe5aab34c5c6d44,0.271414315262695000,No
0xd863d9ba215195dffdd67b6d324f1e795723df48,0.270647567618539000,No
0x65973a33e992d27339d0137c3ee39f541e4be49f,0.27057587511142100,No
0x6fe9570a17fea4dcc0b33c2621502878100441d4,0.26998233648621300,No
0x130e2bf14a322973eaa942b15907615dcb38e2c2,0.269235679420239000,No
0xb2fc857849b737e6808de47e56aed8ae54f4f7df,0.268605839694577000,No
0x50ede02e880c7209d1594d6e66209312cd3d2438,0.267785073993946000,No
0x072b553efc22ae7dc9a1e4370dabd65b96c6f08e,0.267368061860977000,No
0x85ad289d7c7b26d6f10b0b64c4140bc2a652fc6f,0.266996367725213000,No
0x944280d562ac12f481040affe8f3f3bebaf1529c,0.265901542097904000,No
0x3edf33edbeeb05982aac137758f53e3c416edd91,0.265709384256294000,No
0xa0b38b74cda0274faa998753fc8f89451fbd9153,0.265253232423269000,No
0xfd8905eb91fbd431c689733e2a0db9dcef727df0,0.265031962693397000,No
0x8f6f8a5c0aa7e68ac46e06d7ad342d9abe56b124,0.263130649535589000,No
0x905f9baa2332c8a3399d77d6a0bd094e9b11d9f0,0.262660914506691000,No
0x8aaccfb26adab8929b38f9737db40d7a706ea3bc,0.256901977398457000,No
0xc6b33bbe4e17c9f6204cdeb5161acba17fe4b56a,0.252758587274802000,No
0x1803871df50e369fa5f393d95856313d93695f71,0.250729900560310000,No
0xa2d0db4a63725ef020939d5a7e55d0dd17a4261b,0.249567784770825000,No
0x68ae44e5fe22551c7e1bbcc59ca4d94778f49c05,0.248861065891133000,No
0x5ac6dd69d7c032c5595a655fa366c8c3dc708d92,0.245714865326246000,No
0xa17e2601b2739044c783399e20b2421ef5cb600f,0.241549038938629000,No
0xed227daf10f4e2723ad9521c4500f303cb566c3b,0.240795053977863000,No
0x94d869c55fe024c3e10d3b6b7e1898397871504e,0.238782592034595000,No
0xc368d3ce707ad79506f3932f75af10f6b44a1608,0.238749364284463000,No
0x2d62b7b4ab2aea16f53f78af3544088300040126,0.236308495870625000,No
0x51b8a875e7797e87d97c95cd4447fa7060672eb1,0.235882615550315000,No
0x887b86b6b6957f7bbea88b8cefd392f39236a88c,0.235802316323150000,No
0xfbc8e22b09a428a47b853d8b61e4ed49840addea,0.235677016646914000,No
0x064d64513ade8cf793c2e7b5fd0868a4073bb0e7,0.235057979397901000,No
0x1999480f318c1205ab086953f40c1963b0dd2fa2,0.234697182516257000,No
0x4064119bf935e105f948b1a195bbddc039ef15c8,0.233834584505665000,No
0x0d65b94ed26e7d59a3124a97657b9b89c5799ec9,0.233760436688375000,No
0x647f81c3de8f9d7c780c32cc5e93400601667af1,0.23262209461183400,No
0xbb275798957b02b329d1074f1efbb6f02fb56b63,0.231854314354118000,No
0xb11f0625dcfb71d8095f019aecf1815ca5746776,0.231341599308870000,No
0x6e3b2b6c08080f1aba2515fefcdd68817865072b,0.230639949497957000,No
0x7c31bb15003a90c91327031297c649f35aeb63ce,0.22954491773414800,No
0x5821278a74f8117b4f7be5068d57ad66a5093020,0.228642800169422000,No
0xb83e039dbde87359928383db3afa65f031730064,0.225519835122131000,No
0xc395da49d256259f282b3417910f20127dc5827f,0.224735180293547000,No
0xa651e6b430e33b47a36f3993b5c285970cec3da4,0.224411394206383000,No
0x83712053f539293a19343a1d45642db4ac565b4f,0.223398962267162000,No
0xa0f2f8a142bc247f612f87f13b187c598cec3827,0.217471263823155000,No
0x29192a50b1bc440dde7599c2d6b56a8e9bde4bb7,0.217427004918682000,No
0x1f01a21790196b220acb184c8ab8a97379dba063,0.217161660339014000,No
0x887129640d323911ed323e6830aee9d1fcc00aa3,0.216415594759467000,No
0xd7c8b0825c59a2182aabd70eaf8ccbbcc8052852,0.215503074941823000,No
0x26a1e46832bd5ffd7d21481d185fc258a7080316,0.214660920929792000,No
0xb6ea791ee66c6813798743a5e5f11aff170a1eda,0.21411393492904900,No
0x8e2bd0bbbc3dfae153ad7a3c2a17e21dde966af7,0.21403915781865200,No
0x4b4b0f83f4fa22d7aff508dd6462fee33725aab4,0.212387970402643000,No
0x6933db32d651b6e205aaa4bfc00f2b9b472ea31d,0.212299756866092000,No
0xd6391e9b726095a3297aba09a121d87c23d85ef3,0.210947972817160000,No
0xbe0d1865a785915a6fd47592f1e11ce3be131111,0.210909914091367000,No
0x5b67bfe2f6e9f16c664d8d2f7e5ef5e4ae5fe501,0.209861427067182000,No
0x8f294f863f57310f2b8d01d1cc82235acf3060e8,0.209290116713856000,No
0x17f2310867a86bcb01bf37d2cd9522ce59c6a37c,0.208417125941705000,No
0x35399f9cf323249ef04804fa21d2028abf66fb5d,0.20188811585810100,No
0xcdb921ee04e2408b46cac61aaf3514ff1df0594e,0.200541527744488000,No
0x61c2fc2a652c0440f10c3522b4cf5500a347c7ce,0.199713027384520000,No
0x94982af8393e100b67d3d818903c989ff049be31,0.19892354088138500,No
0xd73c7b74dab6e917090179844e1b561bb50c658b,0.197749623388269000,No
0xc01dde207a84c71149cde8b3657c5535c208aa20,0.192913208805857000,No
0x23b8527a5fcac30ad82d6070dad40fe0d307111a,0.190850775647354000,No
0xcbe97e84c8f640b1af06bd151b6599709f86969a,0.18995324435628900,No
0x16701552e6a60f58f54b5647be33da8250b86ba9,0.189666049159164000,No
0xe2e66b5f4e1d12f509092caacd42961bf653f238,0.188283051029635000,No
0xdc49694d718cb59b26afa9622ad1399892648135,0.187181172168623000,No
0x5ceb05d0b6d74f1441d3ce39ca186b635f0aa6b9,0.187094886242284000,No
0x3d8ea4918fc22c8a25cb3c2c1590486df8f71373,0.186278944651832000,No
0xf8c5fe54627322a3a5e152898373588745c2e0c0,0.180016190815237000,No
0xceda7e1fc320df144c0ef18db9a8696ce68e5120,0.179079854178761000,No
0x152ab2f7d21dc87a09d91fb26d4c787647efd854,0.178442927865942000,No
0x8cd8e4c60399b6a0daf31f0a33f12907cb8788bf,0.178295705456654000,No
0x082276378f4e0d90638cc82817850586dde435ed,0.176748892143657000,No
0xf3a29de1f368b4138d76c5af9726c6f8d0d2ac1e,0.176143705402752000,No
0xb7d6887518c97b46b3bb63fff45ff7d2f451c863,0.175638185261374000,No
0x09f917e5fb26a593c68bbb64b0fe767c8daabefa,0.173993137066165000,No
0x49db7e5d59e70198a87e122c2e98a277f48cef25,0.173887676601576000,No
0xebd3fda8fa517cd14c3b15190b45464481beaaaa,0.16902511051756500,No
0xb0eef59ef331cae49fbeb4c3aa5c55218a3969f5,0.164201951225467000,No
0x2455c4192fa632cb4fe73788c62499f52b3efd08,0.1638029092065170,No
0x3c6ec8fb33537a487d097c4491d3d81ae43c5f9d,0.163532636223778000,No
0xe926e059a8bdf96745f2f5a1dad594ecc59afdb4,0.163333309400112000,No
0xc74dd90e237342e77ab21182d9e5599afc061c42,0.163068484454679000,No
0x445311e44db62edc5762acca9bbddbd0977e9aed,0.161499660435427000,No
0xb1af0c084fdb29f592d978dbdd612e4f32bdd266,0.159589324810716000,No
0xfe4c949e4f16e139d56cfc7ee4a1a153c374dfa5,0.158806698943992000,No
0xa776877d91d2b35db0326ba326bf50037bb453d4,0.157721105034349000,No
0x2b102249bab855d887d5a1aa653efaceef04a888,0.153180979651458000,No
0x33602b325f169741662cd33c3f693eee8dbd20d5,0.152798455562906000,No
0x7361265d31d5b6bbfc2fabe5ae2e2865f1b33245,0.15095105301848500,No
0xb01b2a1635b71bc055fad0421a3b685d41d6e860,0.150650504352529000,No
0x7559ae2d9232cd7f5b5012aabf3cb62c5cae174b,0.150031883140374000,No
0xa0b04470d7ab8e2a5aa75f37e414d2c8b2859e76,0.149636993506200000,No
0xcbc3a2d6bfcaf1c4c9f682f35b411ce00155c839,0.149534978975699000,No
0x6dba7f95386e4129f92b59482fa356bc74f29c5b,0.14765406755980500,No
0x056548a4cd00d08c03cb87b388d9e4201cf701d2,0.140406616466187000,No
0x867a34fbc068923c669daade1213e0a0be7f0fb0,0.1361447046560340,No
0xe3f974b85cd0483688a675bf0435ad3a4051ace6,0.135725212883435000,No
0x474f5266adc3359ec16c9c83d0cbb3abcc533bbc,0.133896735763344000,No
0x26c5460e2b027b174cad3005b6cf32f459b7c01c,0.133693659280823000,No
0x1e2ebeca22ec636a917489dfd3b4a93253f72b31,0.132215501749832000,No
0xc99fec06aa2fc5f892c61bc6d0437b8d7dcf6a82,0.127631219418999000,No
0x867df8ae5fbe11bdeb0c6ca5f116dbb8a57b51d3,0.127445399686963000,No
0xa918cb311a06d79967a8ce94d5c5405cac9a07f5,0.124952227297640000,No
0x5c8562a145a3c754ac25d5061d79f23d3cb68cc0,0.124932184822522000,No
0xb301a99d18d7bc072ead118d1f9d378ace8c2595,0.124218883276782000,No
0x64cb3e9a34cecb95955c29feb8709c5706ddf894,0.123699028881730000,No
0xeaefa5cc873533c41b71ffa64a32dcfb1d5134ef,0.122657960995718000,No
0xb6fcd4d0779a0139382bd8404f61117d6fb1a9e7,0.122606427328393000,No
0x32ae98f8cd8df9ff8f6a89e1f1f0b69feeecac84,0.121586887962789000,No
0x7fad4b2683723bc5b559522603654990d2fbd757,0.121573929768624000,No
0x61ff6c41a9a5128a55ea2f5c8f90074c4ffb0d4a,0.120976991156401000,No
0x8e401059d5a927b15a33504d4db902314635c9e4,0.12061331137220400,No
0x71a15ce8866ff2f8ad4e8f574e740c816f16dea1,0.119320710883187000,No
0x2d73e65cdc1555c95d837875e356d618552efe5a,0.119199371512101000,No
0x9e25ef6c6979d5f878d5fe7bb18f2b7aa1d9ea2f,0.117854947519358000,No
0x7268bc143478eda76300aba3f1a4003c34ff7767,0.11774790300867900,No
0xa52b2dc353104fa43dda384d81d8f747a9053a82,0.117460049385865000,No
0x08f98a9292c68620cbe76fdf4003b26366c392a6,0.117451942761286000,No
0x00ad7cc21985c223c05e5543694066e806172561,0.117411304250084000,No
0xfd0f7a5e18887495deda3ece8c06f50586d4dd9f,0.116672796834809000,No
0x4d2c97e0f4c9f65fab747f304357313d42841de1,0.11393465440012500,No
0xf6a24acbbaf4abea3053cf2edd7bae5a540dc40b,0.113289278837709000,No
0xe5cfd52c179f139b6dd6d164272306d3d8cf5e68,0.112378969287050000,No
0x7bc63a4e022986409ebd73c76f5ee08a99528880,0.108835703535472000,No
0xcc920e7e20e4f2dfe450599cdc1e75cfcefdb454,0.107982030749923000,No
0x486434cf7c97e56ffeea8bb696f339ba296a06f1,0.107786500385771000,No
0x88e9a952c702e061378dfa4c35c678299f2bfdcc,0.107615550649382000,No
0x062eee7fd82375bc719e8665b135bb148032c70c,0.105616058358447000,No
0xaff32d24463c463c761f97205ee68423d4bee6a2,0.101025557284133000,No
0x2893951ba47ed5b9ef068c288b78d73681d499b6,0.1002480758331410,No
0xc311a44b4a4d84d28d4086c85096c6d5ec629249,0.1,No
0x509e095c541742ead252818896e8b5b6a16d305d,0.1,No
0x7bd36fe9dbff09192fca6f58d5c59d40918564b0,0.1,No
0xe0528379a01ea16d35d74725fedcfb1185c5bac7,0.098625570148713100,No
0x299b2ddccacb29c1cb48ea579313944e60b4fd5b,0.097527295664340600,No
0x2daf79ec40a73adcea9bbaceb51b4f5fc65f96c6,0.096715931951673100,No
0xf734f7e65d322d883a2a19790765ff6827d0ef83,0.095292354804076,No
0x5296a1099dbab785f303244c3aadfb4ffc7cac7c,0.094483325410520700,No
0x41e37c89e70a592c8554cda110955d30e5615e87,0.093912166213563000,No
0x2abadddc9faaffebcaa2702ef56a1989d2bfd91a,0.090638730289765300,No
0x1fbb45239634094648f124a4c97d0accc4bed90d,0.088953986209375200,No
0x3602765bec5d39cd4f59041a49f68e98ce2fbb1c,0.087898180836022700,No
0x45c2bbd9b181a4bc679b6da302bbdc27fbe61843,0.08719391521178670,No
0xaed06eb7390c2bc35576563f2f33724fe42c81a1,0.081708165833765900,No
0x432309147f95619f1c3809bfde28c1621222c2b4,0.080999001486288600,No
0xea9d022ab712138ddfc7bed0fcfc1472050fb2bb,0.080101600829038300,No
0x10d34e1108d3f68352251e81cf44195f1e05e38c,0.079256558655819700,No
0xc968eb14b3ad83cbae2f1b64d34dcbdc99543cd7,0.078012499814258400,No
0x61901d879e073b88b0ed714c8d4e83f41fbc50aa,0.075003822379736400,No
0x947ed2e81c35fa4ef148d2f64bb5ae3649be25b0,0.072994197131807700,No
0x3a22e8f55157b1b94031926b4d0be2bfc845df47,0.069499831712799500,No
0xa21d83bb693d715bac3c0252757b5499a47836f4,0.064536290680000300,No
0x6ed7809e911562c3af979d9b4cbc1870646d04f8,0.064075917006383700,No
0xb5bc66efacbdefffcc9878e6de08e1dbf80a5e5e,0.063562564583204400,No
0x6989f8deeb6a8eed197a41aa66b747370ea7344c,0.062614341586526100,No
0x460635d1edaf3d25b419e3c4aace5c296e4ec02f,0.062607837461694400,No
0x50b7be398c065e1a7a45a6401d8149a3fdd6e044,0.062283620109774800,No
0x92bb97d6a7c6e90616582be5f715ad0243876eec,0.062067419805393500,No
0xeb3696cf57f8cd7cf09b8e428fb0e5887fb5db98,0.061227434208419500,No
0x94b008e590226d3a041809285aec2744e6e4d7da,0.058794167054874100,No
0xac27cabf95361c53ec393c50a2108c78539c0411,0.057570179996374500,No
0x4472a44374279e09a6019b0dddd60af2f96aff1a,0.057056278184932300,No
0x2e225f211b3abd4213f22a3e0b81f98f8bd2518b,0.057028714010041800,No
0x22d68a6008bffb9172b88ab74c28e4aa8cc3a815,0.056380789698782300,No
0xd432a47cf314ac709a2c56c6f9fd7c0ae9c08c36,0.05413584457564130,No
0x777ab2abe41828183262df6ccc64a54af382b052,0.05359384554643020,No
0x96f7ff2835de662675d510491de9668c0b44656f,0.052833282418235700,No
0x11161b4e7d6ebed47c891415250b8da7e01ee664,0.051437650679406200,No
0xb73f006a7766fd612ca95aefa3475e63c983fa43,0.05011821725415300,No
0x9cc92214776d7c26afd2a1be109ce12b6e462851,0.05,No
0x11d702bf2b224750ed80e141c0a045a28e9ff342,0.049937333252886200,No
0xa884cd16e19262aea6416be4bfeb3489bc657f82,0.048578578964757400,No
0xb237e20906edfa881064fdab0c1a7c00709832c2,0.048233923837449000,No
0x08b975cacdfbd06358a1b961c1e0bc0380b78989,0.047927367515432000,No
0xd6a5d4a6b78ebe3421211c6e326387b23acc2a9d,0.046028243068646500,No
0xfadb7a96278f0bfb9da83e5195019d73c1bf232a,0.044576923014925700,No
0x4f82e73edb06d29ff62c91ec8f5ff06571bdeb29,0.044130259151498000,No
0x6079a6092c9f37c88ff6718c978f54f34cc941db,0.043528505678954100,No
0xbc28e3a3c833c2b62faab34d05491ee03920f4da,0.043098386276045600,No
0x3b247e0065b2ce1b9290fda0496c5ba5bef36bb1,0.042819961544861000,No
0xece0a3d17ce74f7d213e86d66cfe19526a7a4632,0.041068501692673200,No
0xfaef5cbf76f31abbfc111b899a9f50547c9d5050,0.040493460966076900,No
0xeba710af0e59fe674d1d83af012fbbf7979e2416,0.040173412353167100,No
0x32a934e9818da83c76bb3d5d824cbe65d12d7fe9,0.038707631630243300,No
0x010f20b1240af3412a238b06e495f4a2f7f55d35,0.037574139878823500,No
0xaa9c9becec0aed356748ef33a5ae4e92d3ecd421,0.036960719444533900,No
0x1fa4187eda5ee0b5fee6dd00dd06781a9de9214d,0.03676145105603710,No
0xeba9949bd268aa836583465dceb406e00cdbfcc1,0.036544175863497500,No
0xb8e5404e0581d28ae3bfa1fc120f3bd59ad56b33,0.034333189149596400,No
0xb0111c2b66ed72ad0538e4475958423d03e66ada,0.032557853712311500,No
0xdf71b7740054a4be2e58a476e34533bf8877dcdb,0.031929132404866400,No
0x5873b0e845516a923b9aa3b7873efa7a8c12198d,0.031353067985118900,No
0x5ae1aa12385a676831b03827fdca7bb9d050eda7,0.031010707076136500,No
0x57fbc513b834720ddb6b4059a0d9925d8f7cbeb9,0.030921173093136800,No
0xbc0ede16b206ae631ddd7601948e9dcf6f37d0d1,0.030835839282771000,No
0xb3a8ffd7a523340d1e55fc4a9f9ecc4c5dff1361,0.028538919615593200,No
0x451ba3d81b9b4cf747bc87161996a4a2eba182cf,0.028417102961436900,No
0x5d8122ab181bdf82c563f68ab6d00f6fbe667a94,0.027004850732930100,No
0x7e68c1adf83a1967aeafcd0bbdd9f7c83f237494,0.027000354316573200,No
0x3cf61e4366bd48a6ff06d5f03a3ba35a2076e73b,0.026889430681098300,No
0x2477d385381e2ba1559ec48ab596c33f29621916,0.026767833528401500,No
0x4c42a145c27d18c7da66ede0c628af1e508529fb,0.026520512308973900,No
0x348edcc484551dd93c2711c1e3e78b19a05201a4,0.026442622402843200,No
0x873d4bdb316ec37ab50be8bcaccc786e28b35edc,0.026404412003914500,No
0x44a6bfacc3d7290d6265e7c569016ba7a2d931a7,0.025378399354265400,No
0x95c855fd70bed37808bf210b278d5692449a54ac,0.023747102546473800,No
0x306ab50967650b29468092034126944a9a2ba9a8,0.023565673727171700,No
0x24e0d6e8b32391ba5743f32ab6abd804833f94d5,0.022644741826760600,No
0x93513c637c862d13200856d9f163f567d796c253,0.022313797851450300,No
0x51b35c15f4d837620eb57252ec08d7a4fb89180f,0.021797754178638500,No
0x5d57d3adc4713980cbdfcbe6f36cc58ccedb68cd,0.021648257814693100,No
0x5f0a442ee3d746717d6221f52b1ee05bbd29e56f,0.021390758303007200,No
0x98c5602a1054bda21ad323f16e02165987417134,0.021077598271925900,No
0x9c012bbc684839d057158eeb028664a405959dc6,0.016875454129673800,No
0x00000047bb99ea4d791bb749d970de71ee0b1a34,0.016029978,No
0x61179491c136256cd76011a88549df8ecbf1f56d,0.015097228012393400,No
0xa25167c4338c86451e3b17e5fbc5c15ba11d6498,0.013505160501145500,No
0x02d145366399aed1b1f2672ffb213166010d21df,0.011868363785632800,No
0xf83f3fa31c55ac262267ff438087d7d52b645ebb,0.010180539883193700,No
0xe93166e47ce40214dd4bfc0285dca6ffff555442,0.01,No
0x4a183b7ed67b9e14b3f45abfb2cf44ed22c29e54,0.008576,No
0x900d89a428e8c66e9b774dab80b5f1b770fcab2a,0.007922774488207740,No
0x9a1dc1bdd3a92422dd93c4a568b34c27b3644444,0.007818975657878140,No
0x5bec67f75df50226265df30c3f374cfa66457e60,0.005388100154342680,No
0xb8159ba378904f803639d274cec79f788931c9c8,0.005368869592268870,No
0xa73a8cb53f91a903b4b6202e85e347000d5433a5,0.003931025251832770,No
0xb4b1ff7ac52867e583c6f08f3f41f057ac9021a1,0.000291714554432209,No
0x10669aa871f87b18d8d3587f6b87e2b55c040f1d,0.000198265367503633,No
0x93fba85c78c3f802b2ac9ab79758e791fea27eee,0.000028786734276841,No
0x33793b076d6ad4cef23a3938485653d9d7c9369a,0.000000976317250251,No
0xf2e83e0866179451ef35b123a2a3d8f0cd3aa959,0.000000798957592518,No
0x6b75d8af000000e20b7a7ddf000ba900b4009a80,0.000000017330140866,No
0xa91d6b3b06043296a7003327a31af8ef2a598c02,0.00000000000010001,No
0xe14f2247d9a56dda2afca4fa4422d1f10708342f,0.000000000000000505,No
0x93764f433f1eff622f9b7649272e14c5780a929d,0.000000000000000438,No
0x1380ea721778ffd9dc158024dbdda2308b22da07,0.000000000000000435,No
0x69b269f07fc98e446f08a07907bc78a84cb87416,0.000000000000000421,No
0x5ca887615098c6b7409f18502f57538205c768d9,0.000000000000000346,No
0xd6965ed57661b2cb59929ed5a42750ac5ca1dd7d,0.000000000000000328,No
0xa58a4fcc4b729a3da0e299ab7740c26f3296fa03,0.000000000000000265,No
0x77d8ebf0d681484e8b037c45e981bcdf6bc24d81,0.000000000000000249,No
0xf7517a2e8409f19d88087066ab74272ba26c85c3,0.000000000000000232,No
0x03da6b5a21e3f3bf9c508ae7e97510887e1aeabb,0.00000000000000023,No
0x8ab62c5785b753d1f6f050f6e88fb7396376b6f3,0.000000000000000229,No
0xd0c5d932aa88e841cf9b8bbbfd1f4a942b40b5aa,0.000000000000000206,No
0x96f935d2d6437a35c2a6af6195d0b25b54d6af01,0.000000000000000202,No
0x28feecdf0a63b629bdd74b9bfe331eaa1cdd0a36,0.000000000000000201,No
0x8d73a36d78e2ae4a437053c9ce3be70d483ab74d,0.000000000000000185,No
0x263cf2c8d1a0aab7ccb7cae5b70b5c633819cc44,0.000000000000000185,No
0xc3d091aaeabf38d5d29ba09adaee2a6f016bce00,0.00000000000000018,No
0xdbf502d877dfcc79ed71b8d4098245bf9d229271,0.000000000000000165,No
0x1c62c7e3b88a0780344bd543a5960e942ca34158,0.00000000000000016,No
0xefd4f53744ea0bc6ba2201d89f2ff15fdf3d330e,0.00000000000000016,No
0xc4d2e2bbd8001414d76d152b02ae042cefbfac86,0.000000000000000147,No
0xef8bdf38b774f207b36cd67bed1509bea50c62ef,0.000000000000000146,No
0xfe5289c2deaac50c0218b7ea30a44e83045f1f39,0.000000000000000141,No
0xb511ee3e1df48a36c8a07c34a266da8901f3a296,0.000000000000000112,No
0x82606beb4dd0a018575611b4c4f23d4b71db0340,0.000000000000000104,No
0x2897b0bc3afea2baadaa02a55891bf609db9506f,0.0000000000000001,No
0x184e2e3a8e0d8c375b379dfceb12a97c54d48967,0.000000000000000098,No
0xec1e8fda7da175091effc7c4d9daa3f0b04cb565,0.000000000000000096,No
0x8c7fbb428e715aa5561bedf341d43ae91b4781de,0.000000000000000095,No
0x0498447fa4950c160c08882af8a2d4b6b8005a63,0.000000000000000088,No
0xe4d9a69b3981ca427891acc7d6e8f1e0ce39764c,0.000000000000000085,No
0x73d712d8950da407c652e56cff232fd58f5e1f01,0.00000000000000007,No
0x9ad09f6c5d9c0c9929f8358bc8dd916e098f08bc,0.00000000000000006,No
0x7c83cc534a0118ed6ea4b6e1e2ad886c8e1b4399,0.000000000000000059,No
0xfefea9427bef554cc572bc4e887a0b9642fd8f4e,0.000000000000000058,No
0x29bd9f9bc40ac39fca3ec6d3a726c6a18436dbb4,0.000000000000000052,No
0x1e331cf498b96df6b101f0c843226400f8ef6a9a,0.000000000000000051,No
0xb4e99a6bd7088022e7da74d329dc6d9b7a9d7f06,0.000000000000000048,No
0x873af4a9c308e7ce5e01a83cc926a71eda96e986,0.000000000000000045,No
0xeaefa9d554a220067b8bb5c0425ea8b55e674024,0.000000000000000037,No
0x0bd6843469ef91afacca89010316fa7b684eac43,0.000000000000000036,No
0xba9741fe4062eeb77ff54c287ace248767a9f707,0.000000000000000035,No
0xe14d1967164ccb866ae6bf842ba1526d2683db2f,0.000000000000000034,No
0x669840ee2f545f82f92660cfb33467779bfef52b,0.000000000000000031,No
0xb68107a544c23f3630d5c5283667be94c5ddc4ed,0.000000000000000031,No
0xae855607e0ac7897d95d75978dc451dae5df4dc1,0.000000000000000027,No
0xe51a1a50edcd9d491fbc149ec5e0fa06d2f7d2a5,0.000000000000000026,No
0xc71b97fa977c41de4766ecd52bd98658bc02271f,0.000000000000000025,No
0x97c4c05eb474c4e474e245202334f5f7fb93747e,0.000000000000000024,No
0x006a4e423b643bf396bba2f0a6e6f41b3ed25b86,0.000000000000000021,No
0xe9adbe43fb0e416d8903f86b84e8add3e7869b30,0.000000000000000019,No
0x36b5f6b8ebad0ee7de55c26588e0c2925cb97619,0.000000000000000018,No
0xab5a63c03a140b9a666ec49c3c3d6ecb3da101ba,0.000000000000000016,No
0xe6c5f7bb526f8004f607c1276354b5d9a5a39071,0.000000000000000015,No
0x72e5c8fe9b19622fafc1b17c539700a1114b38c9,0.000000000000000014,No
0x412f2c1e7d72039333f2b17687bde117ff89110c,0.000000000000000014,No
0xbe0768c352777724a9c5a6e7c2d9eff5496a3926,0.000000000000000013,No
0x71b8cf59230bb295ade15506efd258eb458056a1,0.000000000000000012,No
0xeaf7814cdf7236bc5992d19cc455f9c92b00aa9e,0.000000000000000009,No
0xecbcad0390ec2c39afdd45273761de7805e779f1,0.000000000000000009,No
0xfacc06c91bbcbc30ad8c0b9d969a33a1fec08f9b,0.000000000000000008,No
0xd27fb2444dafb3ae979bf2170bd39b9c9a6058f5,0.000000000000000007,No
0xd53de077613307edf801e9af48328bb928e9b37a,0.000000000000000007,No
0xc2cfb2a82d9ee2837356b5516c11ba65fa97074f,0.000000000000000006,No
0xf16b4b87e6f214b60abc8e52e207c5009e14d019,0.000000000000000005,No
0x8fe66ed482b7fa71fe5ebc38bdd32a3768e53bec,0.000000000000000005,No
0x429cf888dae41d589d57f6dc685707bec755fe63,0.000000000000000004,No
0x6326722005d3b2bde4bbf035e7cce4cf41af3d22,0.000000000000000004,No
0x9d4982f63b41e2ec780b1f494851ced9a0557838,0.000000000000000004,No
0x1faad0863b1e36995b0202bccb1dbdd8be43e932,0.000000000000000002,No
0x3038ed83945943faa1e313f2efd4a9a986ed2c68,0.000000000000000002,No
0x4f473c794e67054894a05e7946039adbdf2e3e38,0.000000000000000001,No
0x1fef4bdce162d37b4e9e177fbab08fb16dd74af1,0.000000000000000001,No
0x800d304399ddfbb0a8ef7acc3197dc99f35d8ae6,0.000000000000000001,No
0xb9d074afd94df661ab3df48668a6c6c22ac04b68,0.000000000000000001,No
0xcd2bedf668840700dcf6ec87ecd4a1f371d1ef08,0.000000000000000001,No
0x0216a9a961ce3a2268588066a52b4e96b92b0c42,0.000000000000000001,No
0xd0462700eb32bf39a72a931494f8fc3d9ded6536,0.000000000000000001,No
0x642925ed0034195c95fd19f4bf8d431dcf706c8f,0.000000000000000001,No
0xbf44f843e8a26888f65d262d02a12f5884a7750e,0.000000000000000001,No
0x5ef367981ba6fff30e4ff0bf51ad49da630bb36c,0.000000000000000001,No
0x55701a8a8f3bb87db53b38a9e27df23e85d024ab,0.000000000000000001,No
0x9b644e3321c6ea03f4f14374a62fb63a2f467de5,0.000000000000000001,No
0x11ab28f93519397161a2641d5e7a5bb94bf7f4a8,0.000000000000000001,No
0x0000000000450702bc4f750fd1e7ecad7054c4f1,0.000000000000000001,No
0xf67e577c3908bed008fd58faab3769d2ce5eee70,0.000000000000000001,No
0x1a0a3e16a471888c9b16f303ea880ba71eec768e,0.000000000000000001,No
0xab0054e6d91e5be4b69c11ff7ce77c4571ff7c7c,0.000000000000000001,No
0x189690bb65b110da6948ca75ed612f3fc24823a3,0.000000000000000001,No
0x0fcfa1e1b9b30f6873993c08e18aac8fe410d371,0.000000000000000001,No
0x38810e42432f927d8c91e8013dec411b40da8e00,0.000000000000000001,No
0x97b62389645992ca9c09f28e02027dba0c9dab01,0.000000000000000001,No
0x057944d7a6701648bcc84004c9d008a9179fa9ba,0.000000000000000001,No
0x35248e8a62b181fe5814b7f0eaa01713aad88f1f,0.000000000000000001,No
0x962110ddc466d4b0f4008e3036b468665c3722e1,0.000000000000000001,No
0xca039f240638d861362d13f1c908b6ba3588532d,0.000000000000000001,No
0x992c895f9e9feb64ac411b478cb338ae668c8464,0.000000000000000001,No
0x0c30ed59a7d409e5f43ff46f744edd93f9e8e7e7,0.000000000000000001,No
0x166c81d6629d572b72a69c32caab3d0eceb5ab47,0.000000000000000001,No
0x1111111254eeb25477b68fb85ed929f73a960582,0.000000000000000001,No
0x679f1c7de559cf077af7bff879e8e8fed76a0b58,0.000000000000000001,No
0xe53c0962ba3b84877ba2c1685b59a5486d092a01,0.000000000000000001,No
0x2536328bca9568304e2bcf6906cbd331beb645b1,0.000000000000000001,No
0x4f9787aa61e771c49f11c3337861acdaa1572ebe,0.000000000000000001,No
0x6fa41f2620a2fa4189935fe1e81912cb3ff3935c,0.000000000000000001,No
0xb6d2fc0582b3d13319563411aa34548a370fdb9b,0.000000000000000001,No
0x73820010bd7301bd52826041acb80f393e921f04,0.000000000000000001,No
0x4265eb2beb79bd56698d32820b5a391a56736b03,0.000000000000000001,No
0x0fe8cd0697cfb8e0487f8f136746ffb37f000fd7,0.000000000000000001,No
0x5da0aaf574aa2d5ed401c26290c4be3741023ec2,0.000000000000000001,No
0x1c9479ccaa8b4b2a3e666223505d752f8617e0c5,0.000000000000000001,No
0x90ea999b0c5a20a48a807876f6b3b8830749a6e4,0.000000000000000001,No
0xb39f8076eb63fc273734f9033c086bce328e252e,0.000000000000000001,No
0xbba0d5c1dcabf6ace9fe14c960d7228b30cc8099,0.000000000000000001,No
0x72f152f82842c7439786b9aa2fa93527bea822c3,0.000000000000000001,No
0xe9fe3665b240ec88029c71a8fe8b3ef937ab937b,0.000000000000000001,No
0xb1e5f5cf54634de4baab82d71e8a5a6040adde63,0.000000000000000001,No
0x777a89166b1265ec9d2cab2df5db59d1f50621d1,0.000000000000000001,No
0x2c18d06a82b664dff0e88a4a5af42e181d0ef4bb,0.000000000000000001,No
0x4cfd50f62df880cccd5e6d489e9ea3039819aad1,0.000000000000000001,No
0x367ea7869fcbcc7bbff59fe3814f8e145a6b48b3,0.000000000000000001,No
0xa18026ae659825efbba3c71b5b94bee97fd6afe0,0.000000000000000001,No
0xc9d9e78b069c59b6fcbbf17a2fa74fd067e0ac34,0.000000000000000001,No
0xe37e799d5077682fa0a244d46e5649f71457bd09,0.000000000000000001,No
0x13267f77e7241db36f9ee3418dd3069bbc91f2b2,0.000000000000000001,No
0xf2ed7c200d77d6cf7d7f4bc43188354a4a48f43f,0.000000000000000001,No
0x0dcec75b9e00654708698d6332d8e52307c7a7b5,0.000000000000000001,No
0xf5214ee58295a54d15290520a528b7b3bad81099,0.000000000000000001,No
0xc9c55fecc58721e57a844e16a583cb682a0a8bea,0.000000000000000001,No
0x767dcf6932cc384e81c1ab8c20935b9fbf3422a7,0.000000000000000001,No
0x34a4fd01081a08ccd068bcf62bfe0f011b9a4226,0.000000000000000001,No
0xf081470f5c6fbccf48cc4e5b82dd926409dcdd67,0.000000000000000001,No
0x308292ad5be57ec7a1425bb9393c6e53b7547639,0.000000000000000001,No